t,cell_edge_contrib_mean,cell_edge_contrib_max,out_edge_contrib_mean,out_edge_contrib_max
0,0.0172872357070446,0.44057872891426086,0.056336987763643265,0.4283880591392517
1,0.017238879576325417,0.4412653148174286,0.06296581029891968,0.509145975112915
2,0.017751796171069145,0.441830575466156,0.06635601073503494,0.5591169595718384
3,0.01808765158057213,0.44350507855415344,0.06781626492738724,0.5701715350151062
4,0.01803653873503208,0.44081032276153564,0.06799626350402832,0.5780419111251831
5,0.018061302602291107,0.439253568649292,0.06798439472913742,0.5774704813957214
6,0.018108876422047615,0.4410248398780823,0.06809666752815247,0.5783403515815735
7,0.0181555338203907,0.4413347542285919,0.0681755393743515,0.578734278678894
8,0.018145067617297173,0.4404385983943939,0.06816565245389938,0.5797760486602783
9,0.018135765567421913,0.441012978553772,0.06815312057733536,0.5800514221191406
10,0.018113454803824425,0.4411228895187378,0.06811114400625229,0.5799986124038696
11,0.01820342242717743,0.44311416149139404,0.06824062764644623,0.5790284872055054
12,0.01807059347629547,0.440285325050354,0.06807003915309906,0.5809372663497925
13,0.018065448850393295,0.4387913644313812,0.06796503812074661,0.5785669088363647
14,0.018097974359989166,0.4407947361469269,0.06805547326803207,0.5788886547088623
15,0.01815742626786232,0.4415598213672638,0.06815779209136963,0.5788223147392273
16,0.01814102940261364,0.440593957901001,0.06815065443515778,0.5799486637115479
17,0.018124882131814957,0.44072529673576355,0.06812483817338943,0.5800710320472717
18,0.018106374889612198,0.44044965505599976,0.06808578968048096,0.5797288417816162
19,0.01818768121302128,0.44277477264404297,0.06821198016405106,0.5790258049964905
20,0.018070541322231293,0.4404805302619934,0.06806110590696335,0.5807058811187744
21,0.01806950755417347,0.43927961587905884,0.06797169148921967,0.5785696506500244
22,0.018102042376995087,0.44115838408470154,0.06806237250566483,0.5789731740951538
23,0.018157048150897026,0.44174903631210327,0.06815758347511292,0.5788837671279907
24,0.018146097660064697,0.440611869096756,0.06815579533576965,0.5798717737197876
25,0.018129223957657814,0.44082629680633545,0.0681341364979744,0.5801059603691101
26,0.018109604716300964,0.4406369924545288,0.06809115409851074,0.5797138214111328
27,0.01818259060382843,0.443037748336792,0.06820298731327057,0.5790740251541138
28,0.018058190122246742,0.4403901696205139,0.06803417205810547,0.5805913209915161
29,0.01806664653122425,0.439386785030365,0.0679594948887825,0.5783335566520691
30,0.018100136891007423,0.44136399030685425,0.0680583044886589,0.5789227485656738
31,0.018158789724111557,0.4419778287410736,0.06815852969884872,0.578853964805603
32,0.018137164413928986,0.4407493472099304,0.06814239919185638,0.5799987316131592
33,0.018118226900696754,0.4407399296760559,0.06810994446277618,0.5799980163574219
34,0.01811721734702587,0.4412526488304138,0.0681007131934166,0.5795343518257141
35,0.01817764714360237,0.44323378801345825,0.06819881498813629,0.5792794227600098
36,0.018043920397758484,0.44020596146583557,0.0680074393749237,0.580655574798584
37,0.018055040389299393,0.43909573554992676,0.06793294101953506,0.5780779123306274
38,0.018102962523698807,0.4414525628089905,0.06805923581123352,0.5787473320960999
39,0.018159938976168633,0.4419502913951874,0.06816286593675613,0.5789211392402649
40,0.018145019188523293,0.4410596191883087,0.0681578665971756,0.5800950527191162
41,0.018122008070349693,0.44098836183547974,0.06812109053134918,0.580146074295044
42,0.018143242225050926,0.44186773896217346,0.06814264506101608,0.5793821215629578
43,0.01818826049566269,0.4435431957244873,0.06822830438613892,0.5796196460723877
44,0.018051525577902794,0.4403150677680969,0.0680202916264534,0.580741822719574
45,0.0180633757263422,0.4392382800579071,0.06794875860214233,0.578119158744812
46,0.018120400607585907,0.44188690185546875,0.06809020787477493,0.5786917209625244
47,0.018182167783379555,0.4421253800392151,0.06820077449083328,0.5787537097930908
48,0.01815912500023842,0.4411959946155548,0.06818943470716476,0.5803160667419434
49,0.01813059113919735,0.4410531222820282,0.06813669204711914,0.5802056789398193
50,0.018149103969335556,0.4420630633831024,0.06815262138843536,0.5793935656547546
51,0.018185554072260857,0.4436371922492981,0.06822427362203598,0.5796616673469543
52,0.018060559406876564,0.4405624568462372,0.06803245097398758,0.5806466341018677
53,0.01807025820016861,0.4393693804740906,0.06796430796384811,0.5781924724578857
54,0.018124889582395554,0.4421253502368927,0.06810103356838226,0.5788153409957886
55,0.01817181520164013,0.4420222342014313,0.06818611174821854,0.5789419412612915
56,0.018150335177779198,0.4410537779331207,0.06816882640123367,0.5801326632499695
57,0.01812460646033287,0.4408721327781677,0.06812264025211334,0.5800405740737915
58,0.018152644857764244,0.44230878353118896,0.0681578665971756,0.579350471496582
59,0.018182937055826187,0.4436478614807129,0.06822194159030914,0.5797492265701294
60,0.018057437613606453,0.44031772017478943,0.0680244043469429,0.5806052684783936
61,0.018077310174703598,0.4395067095756531,0.06797678023576736,0.5781720280647278
62,0.01813982054591179,0.4424746632575989,0.0681317076086998,0.5789437294006348
63,0.018187057226896286,0.44265156984329224,0.06822184473276138,0.5792561769485474
64,0.018160853534936905,0.4414806365966797,0.06819459795951843,0.5803917646408081
65,0.01812136359512806,0.44109320640563965,0.06812244653701782,0.5802160501480103
66,0.018142078071832657,0.44199812412261963,0.06813467293977737,0.5792430639266968
67,0.01817384734749794,0.4433894753456116,0.06819985061883926,0.5795341730117798
68,0.01804443448781967,0.4399626851081848,0.06799713522195816,0.580443263053894
69,0.0180513896048069,0.4385673999786377,0.06792470812797546,0.5779251456260681
70,0.01813383772969246,0.44252705574035645,0.06811109185218811,0.5785824656486511
71,0.018162842839956284,0.44254642724990845,0.06818543374538422,0.5795010328292847
72,0.018145041540265083,0.4409954249858856,0.06815283000469208,0.5799902677536011
73,0.018109479919075966,0.4407069981098175,0.06809510290622711,0.5799283385276794
74,0.018133088946342468,0.4419713318347931,0.0681152418255806,0.5791525840759277
75,0.018152248114347458,0.44330769777297974,0.06816239655017853,0.5796443223953247
76,0.018033234402537346,0.4398970305919647,0.06796582043170929,0.5800961852073669
77,0.01804189383983612,0.43850380182266235,0.06790304183959961,0.5777146220207214
78,0.01812884584069252,0.44246500730514526,0.0680965855717659,0.5784507989883423
79,0.018144382163882256,0.4421499967575073,0.06815069168806076,0.5794700384140015
80,0.018141891807317734,0.44094109535217285,0.06813742965459824,0.5797200202941895
81,0.018105631694197655,0.4403548538684845,0.06808508932590485,0.5797894597053528
82,0.018146615475416183,0.44225746393203735,0.06813719868659973,0.5791124105453491
83,0.018173661082983017,0.4441957175731659,0.06820881366729736,0.5799453258514404
84,0.018055226653814316,0.44046950340270996,0.06801245361566544,0.5804331302642822
85,0.01805334910750389,0.4390036463737488,0.06793393194675446,0.5780780911445618
86,0.018144967034459114,0.4430060088634491,0.06812865287065506,0.5786077976226807
87,0.018136542290449142,0.44212254881858826,0.0681457594037056,0.5797930955886841
88,0.018142828717827797,0.44087183475494385,0.06813362240791321,0.5795819759368896
89,0.018104206770658493,0.44031578302383423,0.06808535009622574,0.5797940492630005
90,0.01814531721174717,0.44214022159576416,0.06813447922468185,0.5791078805923462
91,0.01818065531551838,0.4442720413208008,0.06822080165147781,0.5799311399459839
92,0.018057173117995262,0.4415282607078552,0.06802892684936523,0.5808284282684326
93,0.01804431900382042,0.4387323558330536,0.0679134801030159,0.5780213475227356
94,0.018137479200959206,0.44286078214645386,0.06810940057039261,0.5784097909927368
95,0.01812966726720333,0.4418501853942871,0.06812912970781326,0.579612135887146
96,0.01813741773366928,0.44086402654647827,0.06812164932489395,0.5795038938522339
97,0.01809546910226345,0.44028693437576294,0.06806746125221252,0.5797222256660461
98,0.018135635182261467,0.44207319617271423,0.06811272352933884,0.579002857208252
99,0.01817076839506626,0.4441686272621155,0.0681987777352333,0.5797829031944275
100,0.018052905797958374,0.4415312707424164,0.06801661849021912,0.580680787563324
101,0.0180367324501276,0.43871432542800903,0.06789908558130264,0.5779969096183777
102,0.018140453845262527,0.44283777475357056,0.06810923665761948,0.578264057636261
103,0.01812802068889141,0.4418122172355652,0.06812887638807297,0.5796678066253662
104,0.018128901720046997,0.4406680762767792,0.06810668855905533,0.5795402526855469
105,0.01809360831975937,0.4402715861797333,0.06806008517742157,0.5795973539352417
106,0.018120314925909042,0.4418920874595642,0.06808736175298691,0.5790365934371948
107,0.018163736909627914,0.4439740777015686,0.06817768514156342,0.5795305371284485
108,0.01804909110069275,0.4413876533508301,0.06800682097673416,0.5805404186248779
109,0.01802457682788372,0.43829604983329773,0.06787512451410294,0.5779062509536743
110,0.01814170926809311,0.4427703619003296,0.06810418516397476,0.578046441078186
111,0.01812952570617199,0.4420044422149658,0.0681333988904953,0.5796935558319092
112,0.01813366636633873,0.4406707286834717,0.06811373680830002,0.5795540809631348
113,0.018093138933181763,0.44030317664146423,0.06806236505508423,0.5796802043914795
114,0.01811843551695347,0.44189155101776123,0.06808347254991531,0.5790295600891113
115,0.01816396228969097,0.443920373916626,0.06817582249641418,0.5794607400894165
116,0.018045848235487938,0.4413561224937439,0.06800180673599243,0.5805483460426331
117,0.018028585240244865,0.43857645988464355,0.06788165867328644,0.5779107213020325
118,0.018141483888030052,0.4428424835205078,0.06810542196035385,0.5780961513519287
119,0.018129650503396988,0.44200488924980164,0.06813258677721024,0.5796825885772705
120,0.01812022179365158,0.44058406352996826,0.06809528172016144,0.5797775983810425
121,0.018082942813634872,0.4400189518928528,0.06803860515356064,0.579494833946228
122,0.01812196522951126,0.44176220893859863,0.06808629631996155,0.5788654088973999
123,0.018162770196795464,0.44376808404922485,0.06817835569381714,0.5795604586601257
124,0.018060609698295593,0.4416521191596985,0.06802786141633987,0.5805848836898804
125,0.01805342547595501,0.4389567971229553,0.06793041527271271,0.5780574083328247
126,0.018163839355111122,0.44327741861343384,0.06815380603075027,0.5785900354385376
127,0.018147824332118034,0.44249439239501953,0.06817764788866043,0.5801230072975159
