x,f_ij
-3.0,-0.6688272
-2.9849624060150375,-0.66913027
-2.969924812030075,-0.6693807
-2.954887218045113,-0.6695781
-2.9398496240601504,-0.6697218
-2.924812030075188,-0.6698114
-2.909774436090226,-0.6698465
-2.8947368421052633,-0.66982657
-2.8796992481203008,-0.6697513
-2.8646616541353382,-0.6696202
-2.8496240601503757,-0.6694328
-2.8345864661654137,-0.6691886
-2.819548872180451,-0.66888726
-2.8045112781954886,-0.6685282
-2.7894736842105265,-0.66811097
-2.774436090225564,-0.66763526
-2.7593984962406015,-0.6671004
-2.744360902255639,-0.6665062
-2.7293233082706765,-0.66585195
-2.7142857142857144,-0.6651373
-2.699248120300752,-0.66436183
-2.6842105263157894,-0.66352516
-2.6691729323308273,-0.66262674
-2.654135338345865,-0.66166615
-2.6390977443609023,-0.66064286
-2.6240601503759398,-0.65955645
-2.6090225563909772,-0.65840656
-2.593984962406015,-0.6571926
-2.5789473684210527,-0.65591425
-2.56390977443609,-0.65457094
-2.548872180451128,-0.6531624
-2.5338345864661656,-0.651688
-2.518796992481203,-0.6501473
-2.5037593984962405,-0.6485399
-2.488721804511278,-0.64686537
-2.473684210526316,-0.64512324
-2.4586466165413534,-0.6433129
-2.443609022556391,-0.64143413
-2.428571428571429,-0.63948643
-2.4135338345864663,-0.6374693
-2.398496240601504,-0.63538224
-2.3834586466165413,-0.6332249
-2.3684210526315788,-0.6309968
-2.3533834586466167,-0.6286974
-2.338345864661654,-0.6263264
-2.3233082706766917,-0.62388325
-2.3082706766917296,-0.6213675
-2.293233082706767,-0.6187787
-2.2781954887218046,-0.6161164
-2.263157894736842,-0.61338013
-2.2481203007518795,-0.6105696
-2.2330827067669174,-0.6076847
-2.218045112781955,-0.6047272
-2.2030075187969924,-0.6016993
-2.1879699248120303,-0.5986029
-2.172932330827068,-0.5954399
-2.1578947368421053,-0.5922125
-2.142857142857143,-0.5889225
-2.1278195488721803,-0.58557206
-2.112781954887218,-0.5821633
-2.0977443609022557,-0.578698
-2.082706766917293,-0.57517815
-2.067669172932331,-0.5716059
-2.0526315789473686,-0.5679834
-2.037593984962406,-0.56431234
-2.0225563909774436,-0.5605949
-2.007518796992481,-0.556833
-1.992481203007519,-0.5530288
-1.9774436090225564,-0.5491841
-1.962406015037594,-0.54530114
-1.9473684210526316,-0.54138166
-1.9323308270676693,-0.53742796
-1.9172932330827068,-0.53344196
-1.9022556390977443,-0.52942556
-1.887218045112782,-0.52538085
-1.8721804511278197,-0.5213098
-1.8571428571428572,-0.5172144
-1.8421052631578947,-0.51309675
-1.8270676691729324,-0.5089588
-1.81203007518797,-0.5048026
-1.7969924812030076,-0.5006301
-1.781954887218045,-0.49644333
-1.7669172932330828,-0.49224436
-1.7518796992481205,-0.48803508
-1.736842105263158,-0.4838176
-1.7218045112781954,-0.4795938
-1.7067669172932332,-0.47536588
-1.6917293233082709,-0.4711358
-1.6766917293233083,-0.46690547
-1.6616541353383458,-0.46267694
-1.6466165413533835,-0.45845225
-1.6315789473684212,-0.4542333
-1.6165413533834587,-0.4500223
-1.6015037593984962,-0.4458211
-1.586466165413534,-0.4416318
-1.5714285714285716,-0.4374563
-1.556390977443609,-0.43329674
-1.5413533834586466,-0.429155
-1.5263157894736843,-0.4250332
-1.511278195488722,-0.42093334
-1.4962406015037595,-0.4168573
-1.481203007518797,-0.4128061
-1.4661654135338347,-0.4087786
-1.4511278195488724,-0.40477332
-1.4360902255639099,-0.4007889
-1.4210526315789473,-0.39682382
-1.406015037593985,-0.3928768
-1.3909774436090228,-0.38894638
-1.3759398496240602,-0.3850311
-1.3609022556390977,-0.38112965
-1.3458646616541354,-0.37724054
-1.3308270676691731,-0.37336236
-1.3157894736842106,-0.3694937
-1.300751879699248,-0.3656332
-1.2857142857142858,-0.36177933
-1.2706766917293235,-0.3579308
-1.255639097744361,-0.35408622
-1.2406015037593985,-0.35024402
-1.2255639097744362,-0.34640294
-1.210526315789474,-0.34256148
-1.1954887218045114,-0.33871824
-1.1804511278195489,-0.33487186
-1.1654135338345866,-0.33102086
-1.1503759398496243,-0.3271639
-1.1353383458646618,-0.32329947
-1.1203007518796992,-0.3194262
-1.105263157894737,-0.31554273
-1.0902255639097747,-0.31164765
-1.0751879699248121,-0.30773944
-1.0601503759398496,-0.3038168
-1.0451127819548873,-0.29987824
-1.030075187969925,-0.29592246
-1.0150375939849625,-0.2919479
-1.0,-0.28795326
-0.9849624060150379,-0.28393704
-0.9699248120300754,-0.2798978
-0.9548872180451129,-0.27583435
-0.9398496240601504,-0.27174503
-0.9248120300751879,-0.26762858
-0.9097744360902258,-0.26348355
-0.8947368421052633,-0.25930846
-0.8796992481203008,-0.25510198
-0.8646616541353387,-0.25086263
-0.8496240601503762,-0.24658906
-0.8345864661654137,-0.24227983
-0.8195488721804511,-0.23793356
-0.8045112781954886,-0.23354878
-0.7894736842105265,-0.22912414
-0.774436090225564,-0.22465812
-0.7593984962406015,-0.22014949
-0.7443609022556394,-0.21559668
-0.7293233082706769,-0.21099977
-0.7142857142857144,-0.20636065
-0.6992481203007519,-0.20168136
-0.6842105263157894,-0.19696392
-0.6691729323308273,-0.19221033
-0.6541353383458648,-0.18742271
-0.6390977443609023,-0.18260299
-0.6240601503759402,-0.17775325
-0.6090225563909777,-0.17287558
-0.5939849624060152,-0.16797192
-0.5789473684210527,-0.16304433
-0.5639097744360901,-0.15809491
-0.5488721804511281,-0.15312563
-0.5338345864661656,-0.14813848
-0.518796992481203,-0.14313558
-0.503759398496241,-0.13811895
-0.48872180451127845,-0.13309059
-0.47368421052631593,-0.12805253
-0.4586466165413534,-0.12300682
-0.4436090225563909,-0.11795549
-0.4285714285714288,-0.112900615
-0.4135338345864663,-0.10784413
-0.3984962406015038,-0.102788165
-0.3834586466165417,-0.097734705
-0.3684210526315792,-0.09268581
-0.3533834586466167,-0.08764346
-0.33834586466165417,-0.08260976
-0.32330827067669166,-0.07758669
-0.3082706766917296,-0.072576314
-0.29323308270676707,-0.06758066
-0.27819548872180455,-0.062601745
-0.2631578947368425,-0.05764159
-0.24812030075187996,-0.052702285
-0.23308270676691745,-0.047785807
-0.21804511278195493,-0.04289423
-0.20300751879699241,-0.03802955
-0.18796992481203034,-0.033193827
-0.17293233082706783,-0.02838908
-0.1578947368421053,-0.023617357
-0.14285714285714324,-0.01888068
-0.12781954887218072,-0.014181066
-0.1127819548872182,-0.00952059
-0.09774436090225569,-0.004901249
-0.08270676691729317,-0.0003250949
-0.0676691729323311,0.004205849
-0.052631578947368585,0.008689534
-0.03759398496240607,0.013123955
-0.022556390977443996,0.01750705
-0.00751879699248148,0.021836795
0.007518796992481036,0.026111213
0.022556390977443552,0.030329593
0.03759398496240607,0.03449247
0.05263157894736814,0.038600467
0.06766917293233066,0.042654157
0.08270676691729317,0.046654142
0.09774436090225525,0.05060105
0.11278195488721776,0.054495454
0.12781954887218028,0.058337964
0.1428571428571428,0.062129185
0.1578947368421053,0.065869704
0.17293233082706738,0.069560125
0.1879699248120299,0.073201075
0.20300751879699241,0.07679313
0.2180451127819545,0.08033687
0.233082706766917,0.08383293
0.24812030075187952,0.0872819
0.26315789473684204,0.09068437
0.27819548872180455,0.094040975
0.2932330827067666,0.097352274
0.30827067669172914,0.10061888
0.32330827067669166,0.10384139
0.33834586466165373,0.10702042
0.35338345864661624,0.11015656
0.36842105263157876,0.11325042
0.3834586466165413,0.11630259
0.3984962406015038,0.11931367
0.41353383458646586,0.12228425
0.4285714285714284,0.12521496
0.4436090225563909,0.12810639
0.45864661654135297,0.13095912
0.4736842105263155,0.13377379
0.488721804511278,0.13655096
0.5037593984962405,0.13929123
0.518796992481203,0.1419952
0.5338345864661651,0.14466351
0.5488721804511276,0.14729677
0.5639097744360901,0.14989552
0.5789473684210522,0.15246035
0.5939849624060147,0.15499195
0.6090225563909772,0.15749088
0.6240601503759398,0.15995769
0.6390977443609023,0.16239303
0.6541353383458643,0.1647975
0.6691729323308269,0.16717169
0.6842105263157894,0.16951619
0.6992481203007515,0.17183161
0.714285714285714,0.17411855
0.7293233082706765,0.17637764
0.744360902255639,0.17860943
0.7593984962406015,0.18081455
0.7744360902255636,0.18299325
0.7894736842105261,0.18514577
0.8045112781954886,0.18727219
0.8195488721804507,0.1893727
0.8345864661654132,0.19144738
0.8496240601503757,0.19349647
0.8646616541353382,0.19552001
0.8796992481203008,0.19751821
0.8947368421052628,0.1994912
0.9097744360902253,0.20143913
0.9248120300751879,0.20336206
0.9398496240601499,0.20526025
0.9548872180451125,0.2071338
0.969924812030075,0.20898281
0.9849624060150375,0.21080753
1.0,0.21260801
1.015037593984962,0.21438436
1.0300751879699241,0.21613686
1.045112781954887,0.2178655
1.0601503759398492,0.21957053
1.0751879699248121,0.22125207
1.0902255639097742,0.22291024
1.1052631578947363,0.2245452
1.1203007518796992,0.2261571
1.1353383458646613,0.22774604
1.1503759398496243,0.22931223
1.1654135338345863,0.23085575
1.1804511278195484,0.23237678
1.1954887218045114,0.23387545
1.2105263157894735,0.23535194
1.2255639097744355,0.23680633
1.2406015037593985,0.23823878
1.2556390977443606,0.2396495
1.2706766917293226,0.24103852
1.2857142857142856,0.24240606
1.3007518796992477,0.24375229
1.3157894736842106,0.24507725
1.3308270676691727,0.2463812
1.3458646616541348,0.24766417
1.3609022556390977,0.24892636
1.3759398496240598,0.2501679
1.3909774436090228,0.25138903
1.4060150375939848,0.25258973
1.421052631578947,0.25377026
1.4360902255639099,0.25493073
1.451127819548872,0.25607124
1.466165413533834,0.25719196
1.481203007518797,0.2582931
1.496240601503759,0.2593747
1.511278195488721,0.26043707
1.526315789473684,0.26148087
1.5413533834586461,0.26250714
1.556390977443609,0.26351702
1.5714285714285712,0.26451156
1.5864661654135332,0.26549166
1.6015037593984962,0.2664585
1.6165413533834583,0.2674131
1.6315789473684212,0.2683565
1.6466165413533833,0.26928976
1.6616541353383454,0.27021384
1.6766917293233083,0.27112988
1.6917293233082704,0.27203888
1.7067669172932325,0.27294195
1.7218045112781954,0.27384004
1.7368421052631575,0.27473432
1.7518796992481196,0.27562574
1.7669172932330826,0.27651533
1.7819548872180446,0.2774042
1.7969924812030076,0.27829334
1.8120300751879697,0.27918386
1.8270676691729317,0.28007677
1.8421052631578947,0.28097314
1.8571428571428568,0.28187397
1.8721804511278197,0.28278038
1.8872180451127818,0.2836933
1.9022556390977439,0.2846139
1.9172932330827068,0.28554314
1.932330827067669,0.28648207
1.947368421052631,0.28743178
1.962406015037594,0.28839338
1.977443609022556,0.28936777
1.992481203007518,0.2903561
2.007518796992481,0.29135936
2.022556390977443,0.2923786
2.037593984962406,0.29341486
2.052631578947368,0.29446924
2.06766917293233,0.29554278
2.082706766917293,0.29663643
2.0977443609022552,0.29775137
2.112781954887218,0.29888856
2.1278195488721803,0.30004907
2.1428571428571423,0.30123395
2.1578947368421053,0.30244428
2.1729323308270674,0.30368102
2.1879699248120295,0.3049453
2.2030075187969924,0.30623809
2.2180451127819545,0.30756047
2.2330827067669166,0.30891353
2.2481203007518795,0.31029826
2.2631578947368416,0.31171548
2.2781954887218046,0.31316492
2.2932330827067666,0.31464568
2.3082706766917287,0.31615692
2.3233082706766917,0.31769785
2.3383458646616537,0.3192677
2.3533834586466167,0.32086554
2.3684210526315788,0.32249066
2.383458646616541,0.32414216
2.398496240601504,0.32581928
2.413533834586466,0.32752123
2.428571428571428,0.3292471
2.443609022556391,0.3309961
2.458646616541353,0.33276743
2.473684210526315,0.33456033
2.488721804511278,0.33637384
2.50375939849624,0.3382072
2.518796992481203,0.34005964
2.533834586466165,0.3419303
2.548872180451127,0.34381837
2.56390977443609,0.34572303
2.578947368421052,0.34764346
2.593984962406015,0.34957886
2.6090225563909772,0.3515284
2.6240601503759393,0.35349125
2.6390977443609023,0.35546654
2.6541353383458643,0.35745358
2.6691729323308264,0.35945144
2.6842105263157894,0.36145937
2.6992481203007515,0.36347649
2.7142857142857135,0.36550203
2.7293233082706765,0.36753517
2.7443609022556386,0.36957508
2.7593984962406015,0.3716209
2.7744360902255636,0.37367186
2.7894736842105257,0.37572715
2.8045112781954886,0.3777859
2.8195488721804507,0.37984732
2.8345864661654137,0.38191056
2.8496240601503757,0.38397488
2.864661654135338,0.3860394
2.8796992481203008,0.38810334
2.894736842105263,0.3901658
2.909774436090225,0.3922261
2.924812030075188,0.3942833
2.93984962406015,0.39633662
2.954887218045112,0.39838523
2.969924812030075,0.4004283
2.984962406015037,0.40246505
3.0,0.4044946
